{
  "project_info": {
    "project_number": "427497423170",
    "project_id": "mitra-97661",
    "storage_bucket": "mitra-97661.appspot.com"
  },
  "client": [
    {
      "client_info": {
        "mobilesdk_app_id": "1:427497423170:android:4c9b90b9a685b22f2488db",
        "android_client_info": {
          "package_name": "com.social.mitra"
        }
      },
      "oauth_client": [
        {
          "client_id": "427497423170-i803e1bfk0fmeo0l1k8jlk69ubio9ho1.apps.googleusercontent.com",
          "client_type": 1,
          "android_info": {
            "package_name": "com.social.mitra",
            "certificate_hash": "6ced05644c480575e449387637040f740f73efb5"
          }
        },
        {
          "client_id": "427497423170-2pckq5gkfbrtf25ve5ch5k3pfbr0b4oe.apps.googleusercontent.com",
          "client_type": 3
        }
      ],
      "api_key": [
        {
          "current_key": "AIzaSyBTdFaccoiyIHPyY1gi9XatuCeTF9_84Xw"
        }
      ],
      "services": {
        "appinvite_service": {
          "other_platform_oauth_client": [
            {
              "client_id": "427497423170-2pckq5gkfbrtf25ve5ch5k3pfbr0b4oe.apps.googleusercontent.com",
              "client_type": 3
            }
          ]
        }
      }
    }
  ],
  "configuration_version": "1"
}